,CC,AS,resolver_AS,nb_uids
0,AT,AS8447,AS12793,4060
1,AT,AS8447,AS20940,49
2,AT,AS8447,AS0,645
3,AT,AS8447,AS16509,20
4,AT,AS8447,AS40934,107
5,AT,AS8447,AS25255,5
6,AT,AS8447,AS8339,2
7,AT,AS8447,AS35369,3
8,AT,AS8447,AS5607,1
9,AT,AS8447,AS57469,1
10,AT,AS8447,AS8412,17
11,AT,AS8447,AS31510,1
12,AT,AS8447,AS3301,1
13,AT,AS8447,AS28960,2
14,AT,AS8447,AS3320,1
15,AT,AS8447,AS16276,1
16,AT,AS8447,AS1901,6
17,AT,AS8447,AS9009,9
18,AT,AS8447,AS24953,1
19,AT,AS8447,AS21859,2
20,AT,AS8447,AS20473,7
21,AT,AS8447,AS4837,1
22,AT,AS8447,AS8547,1
23,AT,AS8447,AS1853,1
24,BG,AS29244,AS34577,2
25,BG,AS29244,AS396982,1
26,BG,AS29244,AS8717,2
27,BG,AS29244,AS43205,3
28,BG,AS29244,AS57695,1
29,BG,AS29244,AS20940,249
30,BG,AS29244,AS8866,1
31,BJ,AS328228,AS44066,1852
32,BJ,AS328228,AS327818,5
33,BJ,AS328228,AS36236,8
34,BJ,AS328228,AS137702,1
35,BJ,AS328228,AS395747,1
36,BJ,AS328228,AS40934,2
37,CM,AS36912,AS3257,656
38,CM,AS36912,AS21723,67
39,CM,AS36912,AS40934,363
40,CM,AS36912,AS15964,1
41,CM,AS36912,AS137702,5
42,CM,AS36912,AS14593,1
43,CM,AS36912,AS21859,3
44,CZ,AS13036,AS0,106
45,CZ,AS13036,AS20940,320
46,CZ,AS13036,AS25192,14
47,CZ,AS13036,AS41046,1
48,CZ,AS13036,AS39052,1
49,CZ,AS13036,AS25512,1
50,CZ,AS13036,AS5610,5
51,CZ,AS13036,AS40934,7
52,CZ,AS13036,AS60068,3
53,CZ,AS13036,AS201559,1
54,CZ,AS13036,AS8778,1
55,CZ,AS13036,AS2852,1
56,CZ,AS13036,AS208329,4
57,CZ,AS13036,AS24641,1
58,CZ,AS13036,AS28725,1
59,CZ,AS13036,AS50971,1
60,CZ,AS13036,AS49115,1
61,CZ,AS13036,AS202877,1
62,CZ,AS13036,AS48298,1
63,DK,AS3292,AS209424,979
64,DK,AS3292,AS20940,521
65,DK,AS3292,AS6461,1
66,DK,AS3292,AS39642,5
67,DK,AS3292,AS20473,283
68,DK,AS3292,AS29695,1
69,DK,AS3292,AS44034,16
70,DK,AS3292,AS16509,24
71,DK,AS3292,AS3308,43
72,DK,AS3292,AS396982,2
73,DK,AS3292,AS40934,24
74,DK,AS3292,AS9009,6
75,DK,AS3292,AS1835,1
76,DK,AS3292,AS12400,1
77,DK,AS3292,AS9158,12
78,DK,AS3292,AS49544,12
79,DK,AS3292,AS8075,3
80,DK,AS3292,AS42903,1
81,DK,AS3292,AS52075,1
82,DK,AS3292,AS44869,2
83,DK,AS3292,AS0,1
84,DK,AS3292,AS36692,1
85,DK,AS3292,AS24940,2
86,ES,AS12479,AS49638,4
87,ES,AS12479,AS0,228
88,ES,AS12479,AS36692,30
89,ES,AS12479,AS20940,293
90,ES,AS12479,AS48386,37
91,ES,AS12479,AS9009,4
92,ES,AS12479,AS3352,5
93,ES,AS12479,AS48910,2
94,ES,AS12479,AS20141,1
95,ES,AS12479,AS8075,1
96,ES,AS12479,AS16509,7
97,ES,AS12479,AS16371,1
98,ES,AS12479,AS40934,2
99,ES,AS12479,AS42473,1
100,ES,AS12479,AS45102,2
101,ES,AS12479,AS21859,2
102,ES,AS12479,AS12611,1
103,ES,AS12479,AS12386,2
104,ES,AS12479,AS12430,2
105,ES,AS12479,AS15704,1
106,ES,AS12479,AS9808,6
107,ES,AS12479,AS4837,3
108,ES,AS6739,AS12430,12468
109,ES,AS6739,AS36692,5
110,ES,AS6739,AS20940,12
111,ES,AS6739,AS3352,1
112,ES,AS6739,AS29119,1
113,ES,AS6739,AS43160,1
114,ES,AS6739,AS396982,3
115,ES,AS6739,AS44444,1
116,ES,AS6739,AS9009,2
117,ES,AS6739,AS16509,1
118,ES,AS6739,AS202422,2
119,ES,AS6739,AS199524,2
120,ES,AS6739,AS19527,2
121,ES,AS6739,AS49544,1
122,ES,AS6739,AS46475,1
123,ES,AS6739,AS0,3
124,FR,AS3215,AS0,12819
125,FR,AS3215,AS20940,679
126,FR,AS3215,AS15557,22
127,FR,AS3215,AS5410,21
128,FR,AS3215,AS396982,351
129,FR,AS3215,AS40934,16
130,FR,AS3215,AS12322,18
131,FR,AS3215,AS702,6
132,FR,AS3215,AS35661,1
133,FR,AS3215,AS9003,1
134,FR,AS3215,AS46475,4
135,FR,AS3215,AS60068,17
136,FR,AS3215,AS16509,53
137,FR,AS3215,AS2200,13
138,FR,AS3215,AS16276,8
139,FR,AS3215,AS212238,9
140,FR,AS3215,AS20766,12
141,FR,AS3215,AS211073,1
142,FR,AS3215,AS1257,4
143,FR,AS3215,AS62044,1
144,FR,AS3215,AS12876,3
145,FR,AS3215,AS52075,2
146,FR,AS3215,AS3257,3
147,FR,AS3215,AS174,35
148,FR,AS3215,AS30781,1
149,FR,AS3215,AS8362,4
150,FR,AS3215,AS42473,8
151,FR,AS3215,AS206865,1
152,FR,AS3215,AS20473,5
153,FR,AS3215,AS13193,6
154,FR,AS3215,AS42845,2
155,FR,AS3215,AS199524,4
156,FR,AS3215,AS24956,1
157,FR,AS3215,AS15830,1
158,FR,AS3215,AS1239,3
159,FR,AS3215,AS61317,3
160,FR,AS3215,AS2457,1
161,FR,AS3215,AS15401,2
162,FR,AS3215,AS12807,3
163,FR,AS3215,AS24904,1
164,FR,AS3215,AS9080,3
165,FR,AS3215,AS198330,1
166,FR,AS3215,AS395747,1
167,FR,AS3215,AS19527,1
168,FR,AS3215,AS198605,1
169,GB,AS25135,AS174,16
170,GB,AS25135,AS9105,2
171,GB,AS25135,AS12390,4
172,GB,AS25135,AS20940,63
173,GB,AS25135,AS14061,3
174,GB,AS25135,AS5378,7
175,GB,AS25135,AS2856,8
176,GB,AS25135,AS5503,2
177,GB,AS25135,AS16509,2
178,GB,AS25135,AS5089,135
179,GB,AS25135,AS20473,1
180,GB,AS25135,AS31655,2
181,GB,AS25135,AS35228,1
182,GB,AS25135,AS29180,1
183,GB,AS25135,AS5607,4
184,GB,AS25135,AS12576,1
185,GB,AS25135,AS206067,2
186,GB,AS25135,AS43915,2
187,GB,AS35228,AS29180,1949
188,GB,AS35228,AS5089,20
189,GB,AS35228,AS5607,12
190,GB,AS35228,AS20940,28
191,GB,AS35228,AS2856,9
192,GB,AS35228,AS201838,3
193,GB,AS35228,AS16509,26
194,GB,AS35228,AS42427,1
195,GB,AS35228,AS20473,1
196,GB,AS35228,AS174,6
197,GB,AS35228,AS786,4
198,GB,AS35228,AS60068,1
199,GB,AS35228,AS396982,5
200,GB,AS35228,AS51809,3
201,GB,AS6871,AS2856,13194
202,GB,AS6871,AS35228,11
203,GB,AS6871,AS20940,42
204,GB,AS6871,AS25135,2
205,GB,AS6871,AS16509,19
206,GB,AS6871,AS58313,2
207,GB,AS6871,AS14061,3
208,GB,AS6871,AS206067,68
209,GB,AS6871,AS396982,2
210,GB,AS6871,AS5089,7
211,GB,AS6871,AS5607,1
212,GB,AS6871,AS29180,2
213,GN,AS37461,AS0,11135
214,GN,AS37461,AS174,8
215,GN,AS37461,AS21859,5
216,GN,AS37461,AS8346,3
217,GN,AS37461,AS20473,2
218,GN,AS37461,AS37141,1
219,GN,AS37461,AS40934,5
220,GN,AS37461,AS20940,1
221,GR,AS25472,AS15617,4728
222,GR,AS25472,AS9009,1
223,GR,AS25472,AS5408,1
224,GR,AS25472,AS20940,18
225,GR,AS25472,AS4837,5
226,GR,AS25472,AS202422,1
227,GR,AS25472,AS6799,4
228,GR,AS25472,AS12361,4
229,GR,AS25472,AS9080,2
230,GR,AS25472,AS60068,2
231,GR,AS25472,AS3329,1
232,GR,AS25472,AS16509,1
233,IT,AS16232,AS3269,4905
234,IT,AS16232,AS29447,1
235,IT,AS16232,AS35612,12
236,IT,AS16232,AS12874,7
237,IT,AS16232,AS20940,189
238,IT,AS16232,AS174,5
239,IT,AS16232,AS35487,2
240,IT,AS16232,AS396982,6
241,IT,AS16232,AS210278,2
242,IT,AS16232,AS137,1
243,IT,AS16232,AS1267,14
244,IT,AS16232,AS203591,1
245,IT,AS16232,AS198471,2
246,IT,AS16232,AS30722,5
247,IT,AS16232,AS36692,1
248,IT,AS16232,AS0,2
249,IT,AS16232,AS1239,2
250,IT,AS16232,AS201474,1
251,IT,AS16232,AS16509,2
252,IT,AS16232,AS15433,1
253,IT,AS30722,AS29447,71
254,IT,AS30722,AS0,2073
255,IT,AS30722,AS1267,42
256,IT,AS30722,AS20940,191
257,IT,AS30722,AS16509,29
258,IT,AS30722,AS35612,9
259,IT,AS30722,AS198471,17
260,IT,AS30722,AS12874,21
261,IT,AS30722,AS16232,40
262,IT,AS30722,AS20473,53
263,IT,AS30722,AS174,27
264,IT,AS30722,AS3269,18
265,IT,AS30722,AS210278,1
266,IT,AS30722,AS35487,1
267,IT,AS30722,AS44444,2
268,IT,AS30722,AS40934,2
269,IT,AS30722,AS24940,1
270,IT,AS30722,AS198102,2
271,IT,AS30722,AS396982,57
272,IT,AS30722,AS29438,1
273,IT,AS30722,AS61317,2
274,IT,AS30722,AS20746,1
275,IT,AS30722,AS39120,1
276,IT,AS30722,AS210129,1
277,IT,AS30722,AS60068,2
278,IT,AS30722,AS8612,2
279,IT,AS30722,AS56911,1
280,IT,AS30722,AS31263,1
281,IT,AS30722,AS202870,2
282,IT,AS30722,AS210218,5
283,KE,AS36926,AS30844,3422
284,KE,AS36926,AS328490,49
285,KE,AS36926,AS21859,205
286,KE,AS36926,AS328977,269
287,KE,AS36926,AS35487,3
288,KE,AS36926,AS33771,5
289,KE,AS36926,AS37578,6
290,KE,AS36926,AS39832,1
291,KE,AS36926,AS20473,17
292,MK,AS43612,AS16333,4600
293,MK,AS43612,AS6821,3
294,MK,AS43612,AS0,4
295,MK,AS43612,AS20940,2
296,MK,AS43612,AS25467,10
297,ML,AS30985,AS0,1380
298,ML,AS30985,AS36692,3
299,ML,AS30985,AS8075,2
300,ML,AS30985,AS36864,1
301,ML,AS30985,AS40934,10
302,ML,AS30985,AS21859,1
303,ML,AS30985,AS20940,1
304,NG,AS29465,AS0,85604
305,NG,AS29465,AS20940,29
306,NG,AS29465,AS20473,38
307,NG,AS29465,AS16276,49
308,NG,AS29465,AS21859,52
309,NG,AS29465,AS36932,4
310,NG,AS29465,AS16509,4
311,NG,AS29465,AS37282,4
312,NG,AS29465,AS39832,12
313,NG,AS29465,AS37148,5
314,NG,AS29465,AS36692,16
315,NG,AS29465,AS29091,3
316,NG,AS29465,AS40934,6
317,NG,AS29465,AS36873,2
318,NG,AS29465,AS16637,2
319,NG,AS29465,AS328580,1
320,NG,AS29465,AS212238,1
321,NG,AS29465,AS37340,1
322,NG,AS29465,AS35074,2
323,NG,AS29465,AS1273,3
324,NG,AS29465,AS328309,16
325,NG,AS29465,AS138164,3
326,NL,AS1136,AS20940,437
327,NL,AS1136,AS31615,36
328,NL,AS1136,AS28685,311
329,NL,AS1136,AS40934,8
330,NL,AS1136,AS208240,1
331,NL,AS1136,AS49981,25
332,NL,AS1136,AS50266,3
333,NL,AS1136,AS33915,15
334,NL,AS1136,AS16509,16
335,NL,AS1136,AS8075,363
336,NL,AS1136,AS31898,1
337,NL,AS1136,AS2914,1
338,NL,AS1136,AS196752,1
339,NL,AS1136,AS29396,1
340,NL,AS1136,AS198089,1
341,NL,AS1136,AS396982,6
342,NL,AS1136,AS20473,13
343,NL,AS1136,AS60068,2
344,NL,AS1136,AS397400,1
345,NL,AS1136,AS0,1
346,NL,AS1136,AS15480,2
347,NL,AS1136,AS57695,3
348,NL,AS1136,AS197727,2
349,NL,AS1136,AS174,1
350,NL,AS1136,AS50673,1
351,NL,AS1136,AS54825,1
352,NL,AS1136,AS206238,1
353,NO,AS29695,AS2119,40
354,NO,AS29695,AS12929,19
355,NO,AS29695,AS20940,358
356,NO,AS29695,AS3292,1
357,NO,AS29695,AS2116,4
358,NO,AS29695,AS16509,12
359,NO,AS29695,AS60848,3
360,NO,AS29695,AS42708,5
361,NO,AS29695,AS0,3
362,NO,AS29695,AS60068,3
363,NO,AS29695,AS40934,2
364,NO,AS29695,AS20473,9
365,NO,AS29695,AS14061,4
366,NO,AS29695,AS36692,3
367,NO,AS29695,AS396982,5
368,NO,AS29695,AS9158,1
369,NO,AS29695,AS25225,2
370,NO,AS39832,AS9341,13
371,NO,AS39832,AS7713,43
372,NO,AS39832,AS9829,6
373,NO,AS39832,AS23693,38
374,NO,AS39832,AS17885,44
375,NO,AS39832,AS38266,36
376,NO,AS39832,AS24432,21
377,NO,AS39832,AS4761,32
378,NO,AS39832,AS9498,174
379,NO,AS39832,AS137645,1
380,NO,AS39832,AS24560,14
381,NO,AS39832,AS24389,15
382,NO,AS39832,AS45669,23
383,NO,AS39832,AS138423,20
384,NO,AS39832,AS0,61
385,NO,AS39832,AS138886,1
386,NO,AS39832,AS45271,40
387,NO,AS39832,AS45727,8
388,NO,AS39832,AS17917,2
389,NO,AS39832,AS17557,7
390,NO,AS39832,AS55836,29
391,NO,AS39832,AS37204,1
392,NO,AS39832,AS55699,1
393,NO,AS39832,AS38466,2
394,NO,AS39832,AS4788,1
395,NO,AS39832,AS30986,12
396,NO,AS39832,AS133301,1
397,NO,AS39832,AS18004,7
398,NO,AS39832,AS136334,1
399,NO,AS39832,AS24499,11
400,NO,AS39832,AS135478,1
401,NO,AS39832,AS139831,1
402,NO,AS39832,AS17451,1
403,NO,AS39832,AS10030,1
404,NO,AS39832,AS9534,1
405,NO,AS39832,AS138754,1
406,NO,AS39832,AS55644,1
407,NO,AS39832,AS139967,1
408,NO,AS39832,AS58485,1
409,NO,AS39832,AS45245,8
410,NO,AS39832,AS23700,2
411,NO,AS39832,AS17465,1
412,NO,AS39832,AS139325,4
413,NO,AS39832,AS24757,9
414,NO,AS39832,AS21859,5
415,NO,AS39832,AS133798,4
416,NO,AS39832,AS17501,1
417,NO,AS39832,AS9441,1
418,NO,AS39832,AS142352,5
419,NO,AS39832,AS36692,1
420,NO,AS39832,AS24203,1
421,NO,AS39832,AS134562,3
422,NO,AS39832,AS4007,13
423,NO,AS39832,AS132165,5
424,NO,AS39832,AS134968,3
425,NO,AS39832,AS134806,1
426,NO,AS39832,AS63501,3
427,NO,AS39832,AS4773,1
428,NO,AS39832,AS138089,2
429,NO,AS39832,AS150429,1
430,NO,AS39832,AS16509,1
431,NO,AS39832,AS9541,1
432,NO,AS39832,AS58895,2
433,NO,AS39832,AS29975,1
434,NO,AS39832,AS23860,1
435,NO,AS39832,AS133982,1
436,PL,AS12741,AS40934,29
437,PL,AS12741,AS5617,262
438,PL,AS12741,AS3320,1
439,PL,AS12741,AS39603,4
440,PL,AS12741,AS8374,7
441,PL,AS12741,AS49544,7
442,PL,AS12741,AS4668,2
443,PL,AS12741,AS16509,3
444,PL,AS12741,AS0,32
445,PL,AS12741,AS206186,1
446,PL,AS12741,AS200924,1
447,PL,AS12741,AS3209,1
448,PL,AS12741,AS29007,5
449,PL,AS12741,AS16276,1
450,PL,AS12741,AS34409,1
451,PL,AS12741,AS39914,1
452,PL,AS12741,AS29596,1
453,PL,AS12741,AS36236,2
454,PL,AS12741,AS62,1
455,PL,AS12741,AS200656,1
456,PL,AS12741,AS12912,1
457,PL,AS12741,AS20473,2
458,PL,AS12741,AS201011,1
459,PL,AS12741,AS201019,1
460,PL,AS12741,AS8075,1
461,PL,AS12741,AS42473,8
462,PL,AS12741,AS19527,7
463,PL,AS39603,AS201019,1435
464,PL,AS39603,AS0,95
465,PL,AS39603,AS13238,6
466,PL,AS39603,AS208398,6
467,PL,AS39603,AS5617,20
468,PL,AS39603,AS396982,1
469,PL,AS39603,AS16509,4
470,PL,AS39603,AS57608,3
471,PL,AS39603,AS12741,1
472,PL,AS39603,AS204679,1
473,PL,AS39603,AS45102,1
474,PL,AS39603,AS9808,1
475,PL,AS39603,AS12912,9
476,PL,AS39603,AS20940,1
477,PL,AS39603,AS201661,1
478,PL,AS39603,AS16342,4
479,PL,AS39603,AS35695,1
480,PL,AS39603,AS198424,1
481,PL,AS39603,AS8374,4
482,PL,AS39603,AS42652,1
483,PL,AS39603,AS209242,1
484,PL,AS39603,AS6830,1
485,SE,AS2119,AS33885,2008
486,SE,AS2119,AS8587,3
487,SE,AS2119,AS36692,22
488,SE,AS2119,AS1257,39
489,SE,AS2119,AS396982,1
490,SE,AS2119,AS20940,62
491,SE,AS2119,AS3301,41
492,SE,AS2119,AS13238,35
493,SE,AS2119,AS208398,35
494,SE,AS2119,AS8473,2
495,SE,AS2119,AS13189,1
496,SE,AS2119,AS44034,18
497,SE,AS2119,AS210584,1
498,SE,AS2119,AS1653,1
499,SE,AS2119,AS2843,1
500,SE,AS2119,AS20473,2
501,SE,AS2119,AS205100,1
502,SE,AS2119,AS50821,1
503,SE,AS2119,AS16509,4
504,SE,AS3301,AS20940,256
505,SE,AS3301,AS36692,24
506,SE,AS3301,AS16509,113
507,SE,AS3301,AS0,55
508,SE,AS3301,AS8473,1
509,SE,AS3301,AS42708,1
510,SE,AS3301,AS49544,33
511,SE,AS3301,AS43065,1
512,SE,AS3301,AS44034,89
513,SE,AS3301,AS20514,7
514,SE,AS3301,AS1257,12
515,SE,AS3301,AS2119,15
516,SE,AS3301,AS16086,104
517,SE,AS3301,AS19229,1
518,SE,AS3301,AS25176,2
519,SE,AS3301,AS719,2
520,SE,AS3301,AS174,1
521,SE,AS3301,AS35487,1
522,SE,AS3301,AS20473,9
523,SE,AS3301,AS12552,1
524,SE,AS3301,AS8075,1
525,SE,AS3301,AS1759,1
526,SE,AS3301,AS34950,1
527,SE,AS3301,AS40934,17
528,SE,AS3301,AS51430,1
529,SE,AS3301,AS395747,1
530,SE,AS3301,AS60848,3
531,SE,AS3301,AS13238,3
532,SE,AS3301,AS208398,3
533,SE,AS3301,AS396982,27
534,SE,AS3301,AS35350,1
535,TZ,AS37035,AS36930,3400
536,TZ,AS37035,AS21859,2
537,TZ,AS37035,AS30844,2
538,TZ,AS37035,AS36908,1
539,TZ,AS37035,AS327844,1
540,TZ,AS37035,AS37084,1
541,TZ,AS37035,AS16276,1
542,TZ,AS37035,AS20473,1
543,TZ,AS37133,AS21859,312
544,TZ,AS37133,AS33765,1
545,TZ,AS37133,AS29465,1
546,TZ,AS37133,AS36908,1
547,TZ,AS37133,AS36692,4
548,UA,AS21497,AS6703,2692
549,UA,AS21497,AS49544,58
550,UA,AS21497,AS51121,1
551,UA,AS21497,AS34715,1
552,UA,AS21497,AS39832,1
553,UA,AS21497,AS34058,4
554,UA,AS21497,AS20940,3
555,UA,AS21497,AS0,51
556,UA,AS21497,AS15461,1
557,UA,AS21497,AS6849,1
558,UA,AS21497,AS35487,1
559,UA,AS21497,AS16276,61
560,UA,AS21497,AS20473,12
561,UA,AS21497,AS15895,5
562,UA,AS21497,AS16509,1
563,UA,AS21497,AS29012,1
564,UA,AS21497,AS396982,1
565,UA,AS21497,AS52180,1
566,UA,AS21497,AS200000,4
567,UA,AS21497,AS29107,1
568,UA,AS21497,AS48239,1
569,UA,AS21497,AS51972,1
570,UA,AS21497,AS60068,2
571,UA,AS21497,AS25229,1
572,UA,AS21497,AS43656,5
573,UA,AS21497,AS56812,1
574,UG,AS20294,AS0,4426
575,UG,AS20294,AS37063,2
576,UG,AS20294,AS21859,12
577,UG,AS20294,AS16276,2
578,UG,AS20294,AS61317,1
579,UG,AS37075,AS328977,2343
580,UG,AS37075,AS21859,111
581,UG,AS37075,AS39832,5
582,UG,AS37075,AS36977,32
583,UG,AS37075,AS20473,1
584,UG,AS37075,AS30844,3
585,UG,AS37075,AS35487,1
586,ZA,AS20011,AS3741,726
587,ZA,AS20011,AS36692,682
588,ZA,AS20011,AS137702,2
589,ZA,AS20011,AS29975,1
590,ZA,AS20011,AS328237,1
591,ZA,AS20011,AS61317,5
592,ZA,AS20011,AS396982,5
593,ZA,AS20011,AS10474,14
594,ZA,AS20011,AS16637,7
595,ZA,AS20011,AS20473,9
596,ZA,AS20011,AS329144,6
597,ZA,AS20011,AS5713,6
598,ZA,AS20011,AS37663,1
599,ZA,AS20011,AS16509,2
